userid,birthdate,deviceoperatingsystem
ccciw.lucas.petit@outlook.com,1989-05-02,iOS
ccciw.marie.wagner@gmx.de,2004-11-28,Android
ccciw.katharina.eder@web.de,1993-10-14,Android
ccciw.sarah.fischer@gmail.com,1972-08-30,Android
ccciw.amelia.thomas@yahoo.com,1967-08-03,iOS
ccciw.tobias.mayr@gmail.com,1983-06-24,Android
ccciw.bram.bakker@t-online.de,1998-11-16,Android
ccciw.max.kruger@gmail.com,1976-03-22,Android
ccciw.jonas.klein@yahoo.com,1992-05-05,Android
ccciw.lucia.ruiz@outlook.com,2003-01-03,Android
ccciw.lukas.kaiser@outlook.com,1982-12-10,Android
ccciw.daan.mulder@web.de,1965-09-06,Android
ccciw.sophie.richter@gmail.com,2005-12-23,Android
ccciw.tim.meyer@gmail.com,1972-03-03,Android
ccciw.sarah.werner@web.de,1997-08-24,Android
ccciw.nina.brunner@gmail.com,1962-07-08,Android
ccciw.tim.neumann@outlook.com,2000-02-29,Android
ccciw.lisa.schneider@outlook.com,1989-05-27,Android
ccciw.sophie.krause@outlook.com,1988-07-07,Android
ccciw.felix.winter@gmail.com,1992-12-02,iOS
ccciw.melina.kruger@gmx.de,1974-04-12,iOS
ccciw.philipp.huber@outlook.com,1994-12-21,iOS
ccciw.anna.meier@gmx.de,2001-09-17,Android
ccciw.lea.durand@outlook.com,1994-08-13,Android
ccciw.sebastian.lange@t-online.de,1974-12-25,Android
ccciw.niklas.lorenz@yahoo.com,1990-11-09,Android
ccciw.moritz.neumann@web.de,1973-05-02,Android
ccciw.theresa.auer@t-online.de,1977-09-16,iOS
ccciw.lukas.schmitz@web.de,1987-11-23,iOS
ccciw.lena.lehmann@gmail.com,1986-11-22,Android
ccciw.sophie.lehmann@gmail.com,1991-05-27,HarmonyOS
ccciw.leon.becker@gmx.de,1961-05-30,Android
ccciw.marie.franke@gmx.de,1962-05-05,Android
ccciw.sarah.franke@t-online.de,1980-07-08,Android
ccciw.melina.werner@outlook.com,1967-09-11,Android
ccciw.philipp.schroder@t-online.de,1995-07-07,Android
ccciw.emma.winter@gmx.de,1992-05-13,iOS
ccciw.emma.krause@web.de,1997-06-27,iOS
ccciw.philipp.lange@gmx.de,1974-05-29,Android
ccciw.finn.schneider@gmail.com,1983-06-04,Android
ccciw.anna.schmitz@web.de,1986-07-26,Android
ccciw.marlene.hartmann@gmail.com,2006-02-04,Android
ccciw.lea.lorenz@gmail.com,1985-01-22,Android
ccciw.david.kruger@gmx.de,1969-12-17,Android
ccciw.melina.schroder@gmail.com,1985-04-26,Android
ccciw.laura.schmitz@outlook.com,1978-11-10,iOS
ccciw.paul.neumann@gmail.com,1976-01-16,Android
ccciw.emily.smith@outlook.com,2001-11-02,Android
ccciw.tim.klein@gmx.de,1996-04-27,Android
ccciw.sarah.schmidt@web.de,2000-03-05,Android
ccciw.david.koch@gmail.com,1987-07-31,Android
ccciw.leon.klein@outlook.com,1982-01-26,Android
ccciw.niklas.lang@t-online.de,1970-05-16,iOS
ccciw.pascal.brunner@web.de,1972-08-17,Android
ccciw.laura.engel@outlook.com,2000-07-27,Android
ccciw.noah.hartmann@web.de,1975-08-31,Android
ccciw.sarah.schmitz@gmx.de,1980-06-13,iOS
ccciw.hannah.leitner@gmail.com,1971-09-19,Android
ccciw.philipp.weber@web.de,1985-11-07,Android
ccciw.sarah.moller@gmail.com,1985-07-03,Android
ccciw.moritz.lorenz@outlook.com,1977-11-08,Android
ccciw.nina.richter@gmail.com,1969-12-24,Android
ccciw.elena.martinez@yahoo.com,1998-03-29,Android
ccciw.sophie.fischer@t-online.de,1987-06-14,Android
ccciw.lea.becker@gmail.com,1975-07-01,iOS
ccciw.lukas.peters@outlook.com,1995-08-06,Android
ccciw.marco.sutter@gmail.com,1999-04-28,iOS
ccciw.finn.winter@outlook.com,1998-04-11,iOS
ccciw.philipp.becker@gmail.com,1975-07-13,Android
ccciw.sarah.lange@yahoo.com,1985-07-27,Android
ccciw.lukas.moller@yahoo.com,1975-04-21,iOS
ccciw.tim.fischer@web.de,1969-09-12,iOS
ccciw.david.lehmann@web.de,1987-09-12,iOS
ccciw.jan.klein@outlook.com,1995-08-25,Android
ccciw.lena.hartmann@yahoo.com,1963-12-04,Android
ccciw.erik.kuhn@yahoo.com,1971-05-09,Android
ccciw.moritz.fischer@web.de,1969-10-11,iOS
ccciw.nina.zurbuchen@gmail.com,1965-03-14,Android
ccciw.julia.schmidt@yahoo.com,1997-07-17,Android
ccciw.sophie.moller@outlook.com,1986-07-02,Android
ccciw.pablo.martin@outlook.com,1986-09-20,Android
ccciw.noah.klein@gmail.com,1998-08-08,Android
ccciw.jonas.lang@web.de,1993-03-27,Android
ccciw.jonas.schmitz@gmail.com,1966-09-20,Android
ccciw.lisa.wagner@web.de,2004-01-31,Android
ccciw.kathrin.becker@t-online.de,1965-10-29,Android
ccciw.kathrin.muller@outlook.com,1987-01-02,Android
ccciw.mia.kuhn@web.de,2005-04-08,Android
ccciw.luca.frei@web.de,1970-12-08,iOS
ccciw.erik.hoffmann@web.de,1968-09-03,iOS
ccciw.max.klein@t-online.de,1970-10-23,Android
ccciw.niklas.werner@web.de,1964-08-20,Android
ccciw.erik.braun@gmx.de,1984-08-12,Android
ccciw.sarah.robert@web.de,1962-05-25,Android
ccciw.lea.huber@yahoo.com,1962-11-24,Android
ccciw.julia.lange@outlook.com,1971-10-11,iOS
ccciw.paul.meier@yahoo.com,1980-01-21,Android
ccciw.emma.lang@t-online.de,1970-03-09,Android
ccciw.kathrin.wagner@web.de,1984-09-17,iOS
ccciw.jana.lange@web.de,1969-08-22,Android
ccciw.grace.taylor@t-online.de,1965-07-07,Android
ccciw.jules.richard@yahoo.com,1997-01-14,Android
ccciw.max.neumann@gmx.de,1962-02-02,Android
ccciw.sarah.klein@gmx.de,2000-08-17,iOS
ccciw.noa.devries@t-online.de,1991-09-20,Android
ccciw.noah.meyer@outlook.com,2003-08-19,Android
ccciw.jan.weber@gmail.com,1964-09-26,Android
ccciw.nora.brunner@gmx.de,1997-08-24,Android
ccciw.jan.kaiser@web.de,1964-06-27,Android
ccciw.marie.schmitz@web.de,1988-08-23,Android
ccciw.noah.franke@outlook.com,1966-09-01,Android
ccciw.jana.schwarz@yahoo.com,1983-10-28,iOS
ccciw.marie.weber@outlook.com,1966-03-25,iOS
ccciw.jules.petit@web.de,1994-03-22,Android
ccciw.jan.widmer@gmx.de,1965-03-04,Android
ccciw.jonas.wagner@gmx.de,1963-06-19,Android
ccciw.felix.engel@web.de,1982-02-08,Android
ccciw.julia.lehmann@web.de,1972-02-01,Android
ccciw.julia.huber@outlook.com,1997-01-18,iOS
ccciw.carlos.rodriguez@gmx.de,1998-01-12,Android
ccciw.emma.kaiser@gmx.de,1988-03-29,iOS
ccciw.finn.schwarz@gmx.de,1998-09-22,Android
ccciw.niklas.peters@yahoo.com,1967-07-25,Android
ccciw.clara.becker@gmx.de,1980-02-29,Android
ccciw.chloe.moreau@gmx.de,1990-12-03,Android
ccciw.marie.engel@gmx.de,1994-09-08,Android
ccciw.tobias.huber@gmail.com,1963-03-25,Android
ccciw.leon.lorenz@web.de,2002-07-11,Android
ccciw.emma.hartmann@outlook.com,1978-03-10,Android
ccciw.max.wagner@gmail.com,1987-07-22,Android
ccciw.sophie.meier@web.de,1970-12-30,Android
ccciw.david.richter@t-online.de,1989-04-04,iOS
ccciw.marlene.muller@gmx.de,1982-01-24,Android
ccciw.nina.schroder@outlook.com,1980-10-04,iOS
ccciw.felix.meyer@gmail.com,1980-02-16,Android
ccciw.finn.richter@gmail.com,1979-06-16,iOS
ccciw.anna.kuhn@gmx.de,1982-12-24,iOS
ccciw.grace.wilson@t-online.de,1967-08-21,Android
ccciw.fleur.bakker@gmx.de,1972-12-16,Android
ccciw.moritz.schmidt@outlook.com,1991-01-07,iOS
ccciw.sarah.richter@gmail.com,1967-09-02,Android
ccciw.max.krause@outlook.com,1979-11-19,Android
ccciw.paul.schneider@gmail.com,1967-06-27,Android
ccciw.hannah.moser@web.de,1989-11-19,Android
ccciw.julia.klein@gmx.de,1984-02-12,iOS
ccciw.david.kuhn@yahoo.com,2003-03-13,Android
ccciw.philipp.vogel@web.de,1987-07-11,iOS
ccciw.nora.bieri@gmx.de,1974-08-10,Android
ccciw.jonas.kaiser@t-online.de,1962-05-12,Android
ccciw.adrian.stalder@gmx.de,1981-12-11,iOS
ccciw.marlene.lange@gmail.com,2001-06-28,Android
ccciw.clara.koch@gmail.com,1963-07-14,iOS
ccciw.nina.keller@gmail.com,1988-10-16,Android
ccciw.sem.visser@web.de,1979-09-12,iOS
ccciw.laura.lange@gmail.com,1965-10-19,Android
ccciw.ben.kuhn@outlook.com,1996-12-19,Android
ccciw.anna.lorenz@gmail.com,1962-01-11,Android
ccciw.erik.lorenz@outlook.com,1963-09-17,Android
ccciw.elena.martin@gmx.de,1975-09-30,Android
ccciw.sarah.hoffmann@gmail.com,1997-02-02,Android
ccciw.philipp.kaiser@web.de,1973-01-20,Android
ccciw.julia.muller@gmail.com,1984-07-25,iOS
ccciw.marie.kruger@outlook.com,1962-01-30,Android
ccciw.erik.wagner@gmail.com,2002-12-29,Android
ccciw.david.werner@web.de,1982-09-26,iOS
ccciw.moritz.kruger@web.de,1987-07-14,Android
ccciw.tobias.schneider@outlook.com,1988-05-11,Android
ccciw.lisa.lange@gmx.de,1969-04-24,Android
ccciw.lukas.winter@gmail.com,1984-07-10,Android
ccciw.marlene.lehmann@gmx.de,1999-10-26,Android
ccciw.jana.schneider@t-online.de,1989-09-24,iOS
ccciw.katharina.gruber@t-online.de,1996-03-28,Android
ccciw.tobias.franke@gmail.com,1964-08-05,Android
ccciw.jan.winter@web.de,2003-04-07,iOS
ccciw.kathrin.wolf@gmail.com,1997-11-23,HarmonyOS
ccciw.ben.schmidt@gmx.de,1963-06-24,Android
ccciw.julia.schmitz@yahoo.com,2004-12-17,Android
ccciw.kathrin.meyer@gmail.com,1994-02-14,Android
ccciw.kathrin.kuhn@web.de,1967-04-23,Android
ccciw.anna.braun@outlook.com,1989-05-29,Android
ccciw.noa.jansen@outlook.com,1986-09-17,Android
ccciw.felix.schneider@gmx.de,1996-12-20,Android
ccciw.mia.schmitz@outlook.com,1993-12-13,Android
ccciw.clara.lorenz@web.de,1986-03-23,Android
ccciw.lena.muller@outlook.com,1973-07-22,iOS
ccciw.jonas.vogel@yahoo.com,1973-12-09,Android
ccciw.lea.moller@gmail.com,1966-12-27,Android
ccciw.leon.schmidt@gmail.com,2000-10-03,Android
ccciw.bram.dejong@gmx.de,1964-11-08,iOS
ccciw.lea.braun@gmail.com,1990-04-18,iOS
ccciw.lea.schroder@outlook.com,1971-05-10,Android
ccciw.tobias.meier@yahoo.com,1986-12-15,Android
ccciw.javier.rodriguez@gmail.com,1965-01-02,Android
ccciw.leon.weber@outlook.com,1966-09-27,Android
ccciw.tobias.wolf@web.de,2002-01-01,Android
ccciw.anna.huber@gmx.de,1999-09-22,Android
ccciw.lena.neumann@web.de,1978-05-14,Android
ccciw.niklas.lehmann@web.de,1966-08-23,Android
ccciw.laura.hoffmann@web.de,1998-08-10,iOS
ccciw.jakob.huber@gmail.com,2002-12-19,Android
ccciw.max.schroder@outlook.com,1993-03-31,Android
ccciw.sebastian.meyer@outlook.com,1985-02-22,Android
ccciw.tobias.koch@gmail.com,1981-09-12,iOS
ccciw.nadine.gruber@outlook.com,1982-02-26,Android
ccciw.hannah.wolf@gmx.de,1969-01-30,iOS
ccciw.pablo.ruiz@web.de,1975-01-22,Android
ccciw.max.engel@t-online.de,2000-08-18,iOS
ccciw.laura.lang@yahoo.com,1986-01-03,Android
ccciw.melina.kaiser@web.de,1980-05-18,Android
ccciw.jana.koch@gmx.de,1964-09-29,iOS
ccciw.niklas.meier@gmail.com,1994-08-16,Android
ccciw.philipp.peters@gmail.com,1981-04-15,Android
ccciw.mara.luthi@gmx.de,1970-02-13,Android
ccciw.emily.thomas@web.de,2004-02-23,iOS
ccciw.verena.mayr@gmail.com,1984-01-05,iOS
ccciw.nadine.eder@gmail.com,1962-02-27,Android
ccciw.sebastian.lang@gmx.de,1991-06-06,iOS
ccciw.ben.winter@web.de,1988-03-05,iOS
ccciw.marie.schwarz@web.de,1974-02-06,Android
ccciw.tobias.neumann@gmail.com,1974-04-02,Android
ccciw.marie.moller@gmx.de,1983-04-02,Android
ccciw.laura.neumann@t-online.de,1973-08-14,iOS
ccciw.felix.lorenz@gmail.com,1992-02-15,Android
ccciw.leon.meyer@yahoo.com,1972-01-18,Android
ccciw.theresa.pichler@gmail.com,1973-08-20,Android
ccciw.finn.kaiser@gmail.com,1974-09-03,iOS
ccciw.lina.keller@web.de,1984-02-01,Android
ccciw.erik.lang@outlook.com,1978-05-18,Android
ccciw.emma.neumann@t-online.de,1988-10-31,iOS
ccciw.max.schmitz@yahoo.com,1998-02-20,Android
ccciw.noah.wagner@gmail.com,2002-08-03,Android
ccciw.ben.engel@gmail.com,1965-07-03,Android
ccciw.kathrin.winter@outlook.com,1988-01-08,iOS
ccciw.lotte.deboer@gmx.de,1998-09-11,Android
ccciw.luca.widmer@web.de,1985-10-28,Android
ccciw.emma.meyer@gmail.com,1969-05-03,iOS
ccciw.jonas.winter@t-online.de,1977-04-25,iOS
ccciw.mia.kruger@gmail.com,1973-11-28,Android
ccciw.sophie.huber@t-online.de,1978-11-10,Android
ccciw.lucia.martin@outlook.com,1988-02-29,Android
ccciw.jonas.krause@web.de,1990-11-27,Android
ccciw.leon.huber@t-online.de,2005-03-04,iOS
ccciw.david.huber@t-online.de,1974-08-19,Android
ccciw.jan.franke@gmail.com,1986-08-08,Android
ccciw.jana.krause@web.de,2004-08-31,Android
ccciw.jack.williams@outlook.com,1999-03-08,Android
ccciw.finn.krause@web.de,1978-07-17,iOS
ccciw.anna.lehmann@gmx.de,1977-01-01,iOS
ccciw.melina.krause@outlook.com,1970-06-08,iOS
ccciw.ben.neumann@gmail.com,1995-02-24,Android
ccciw.hannah.lehmann@t-online.de,1990-10-09,iOS
ccciw.philipp.richter@t-online.de,1965-09-07,iOS
ccciw.jesse.visser@gmx.de,2000-10-08,Android
ccciw.verena.auer@gmail.com,1968-07-06,Android
ccciw.philipp.moller@gmail.com,1981-08-06,Android
ccciw.camille.robert@gmail.com,2005-05-03,Android
ccciw.marlene.huber@web.de,2000-09-03,iOS
ccciw.david.weber@outlook.com,1977-07-13,iOS
ccciw.nina.muller@gmail.com,1992-10-03,Android
ccciw.finn.vogel@web.de,1972-05-09,iOS
ccciw.jan.becker@web.de,1979-04-30,Android
ccciw.george.davies@web.de,1999-01-07,iOS
ccciw.sarah.wolf@web.de,1976-07-08,Android
ccciw.jonas.wolf@t-online.de,1980-01-13,iOS
ccciw.jan.lehmann@gmail.com,1977-10-02,Android
ccciw.ben.franke@gmail.com,1970-05-13,Android
ccciw.lukas.fischer@t-online.de,1996-01-27,Android
ccciw.jonas.neumann@outlook.com,2003-08-21,iOS
ccciw.lena.hoffmann@web.de,1997-08-21,iOS
ccciw.lukas.muller@web.de,1995-11-20,Android
ccciw.noah.richter@web.de,1987-08-27,Android
ccciw.grace.davies@gmail.com,1996-09-28,Android
ccciw.sophie.kuhn@gmx.de,1994-10-24,Android
ccciw.sebastian.muller@gmail.com,1981-05-13,Android
ccciw.leon.lehmann@t-online.de,1977-03-03,Android
ccciw.jakob.fuchs@outlook.com,1984-11-19,Android
ccciw.clara.hartmann@yahoo.com,1986-01-10,iOS
ccciw.grace.smith@outlook.com,1963-07-21,Android
ccciw.sebastian.moller@outlook.com,1963-01-07,Android
ccciw.marie.lehmann@gmail.com,1995-05-16,Android
ccciw.erik.schmitz@outlook.com,1962-01-02,Android
ccciw.lukas.weber@web.de,1967-06-01,Android
ccciw.lena.franke@gmx.de,1987-10-09,Android
ccciw.noah.becker@gmail.com,1980-01-12,Android
ccciw.sarah.krause@outlook.com,1969-11-12,Android
ccciw.felix.hartmann@yahoo.com,1987-04-08,Android
ccciw.paul.engel@gmail.com,1999-09-15,iOS
ccciw.laura.huber@web.de,1981-07-24,iOS
ccciw.erik.engel@yahoo.com,1985-01-13,iOS
ccciw.noah.lang@yahoo.com,2002-08-16,Android
ccciw.paul.meyer@gmx.de,1976-09-25,Android
ccciw.max.winter@outlook.com,1973-10-28,iOS
ccciw.jan.braun@gmail.com,1987-08-25,iOS
ccciw.hannah.vogel@gmail.com,1998-07-04,Android
ccciw.clara.klein@t-online.de,1990-11-16,iOS
ccciw.clara.vogel@outlook.com,2005-04-13,Android
ccciw.philipp.schwarz@gmail.com,1973-05-26,iOS
ccciw.erik.hartmann@gmail.com,1991-01-01,Android
ccciw.nina.koch@web.de,1999-10-20,Android
ccciw.sophie.schwarz@gmail.com,2005-05-18,iOS
ccciw.theresa.fuchs@gmail.com,1967-08-23,Android
ccciw.max.hartmann@gmail.com,1980-01-06,iOS
ccciw.max.kuhn@yahoo.com,1989-03-25,Android
ccciw.marie.werner@gmail.com,1975-09-14,iOS
ccciw.finn.schroder@web.de,1961-09-02,Android
ccciw.hannah.pichler@t-online.de,1975-10-25,Android
ccciw.jana.muller@web.de,1983-05-31,Android
ccciw.sanne.visser@web.de,1965-06-19,Android
ccciw.noah.taylor@gmx.de,1961-04-16,iOS
ccciw.erik.kaiser@web.de,1991-06-13,Android
ccciw.lena.becker@gmail.com,1966-02-22,iOS
ccciw.paul.kaiser@t-online.de,1968-03-05,Android
ccciw.philipp.winter@gmx.de,1987-01-14,iOS
ccciw.nadine.pichler@web.de,2003-06-29,Android
ccciw.sophie.winter@t-online.de,2001-12-08,iOS
ccciw.lisa.schmitz@web.de,1988-01-23,Android
ccciw.noah.vogel@outlook.com,1994-11-24,Android
ccciw.erik.werner@yahoo.com,1989-11-30,Android
ccciw.sarah.laurent@web.de,1973-11-16,Android
ccciw.anna.schwarz@outlook.com,1963-04-01,Android
ccciw.niklas.huber@web.de,1985-07-06,Android
ccciw.niklas.becker@web.de,1965-07-24,Android
ccciw.isla.jones@web.de,2002-05-26,iOS
ccciw.anna.franke@outlook.com,1981-10-20,Android
ccciw.kathrin.koch@gmx.de,1983-05-04,Android
ccciw.elena.keller@gmx.de,1967-10-22,iOS
ccciw.marie.koch@web.de,1979-05-14,Android
ccciw.sarah.braun@outlook.com,1980-03-19,iOS
ccciw.silvan.stalder@web.de,1969-05-13,iOS
ccciw.lena.vogel@gmx.de,1978-01-11,iOS
ccciw.sebastian.werner@web.de,1962-03-16,Android
ccciw.lukas.wolf@t-online.de,1988-07-12,iOS
ccciw.felix.lange@web.de,1993-06-15,Android
ccciw.lisa.franke@gmx.de,1988-07-31,Android
ccciw.clara.schneider@gmail.com,1989-02-01,Android
ccciw.max.braun@web.de,1969-01-27,Android
ccciw.marlene.klein@web.de,1969-09-10,Android
ccciw.lukas.huber@outlook.com,1979-06-29,Android
ccciw.elena.perez@web.de,1986-02-04,Android
ccciw.ben.braun@outlook.com,1999-10-03,Android
ccciw.ben.vogel@web.de,1970-04-29,Android
ccciw.jan.bachmann@gmail.com,1976-12-19,Android
ccciw.javier.sanchez@outlook.com,1966-04-23,Android
ccciw.sebastian.kaiser@web.de,1975-04-05,iOS
ccciw.felix.schmitz@gmail.com,1965-11-23,iOS
ccciw.jana.weber@yahoo.com,1998-06-29,iOS
ccciw.clara.hoffmann@web.de,1978-10-03,Android
ccciw.anna.kruger@yahoo.com,2003-08-26,Android
ccciw.finn.klein@yahoo.com,1989-10-07,Android
ccciw.felix.becker@web.de,1988-03-03,iOS
ccciw.hannah.schroder@outlook.com,1964-03-09,iOS
ccciw.marie.kaiser@gmail.com,1972-08-05,iOS
ccciw.nina.werner@gmx.de,1998-05-03,Android
ccciw.marie.huber@web.de,1972-03-23,Android
ccciw.leon.engel@yahoo.com,1981-09-07,Android
ccciw.tim.braun@gmail.com,1992-07-16,Android
ccciw.philipp.krause@web.de,1974-07-02,HarmonyOS
ccciw.niklas.weber@gmx.de,1999-09-26,Android
ccciw.mara.frei@outlook.com,1978-02-28,Android
ccciw.max.vogel@outlook.com,1972-04-09,Android
ccciw.anna.schmidt@gmx.de,1969-01-31,Android
ccciw.melina.franke@outlook.com,1998-12-23,Android
ccciw.david.krause@gmail.com,1985-01-07,iOS
ccciw.melina.schwarz@outlook.com,1971-03-20,Android
ccciw.melina.muller@gmail.com,1962-09-21,Android
ccciw.philipp.kuhn@gmx.de,2000-03-24,iOS
ccciw.niklas.schroder@gmx.de,1963-03-02,Android
ccciw.noa.bos@yahoo.com,1967-05-01,Android
ccciw.jana.meier@outlook.com,1979-02-01,Android
ccciw.alex.schmidt297@gmx.de,1967-05-03,Android
ccciw.ella.martin119@outlook.com,1996-03-24,iOS
ccciw.morgan.garcia151@gmx.de,1970-02-11,Android
ccciw.luca.klein424@gmx.de,1968-09-07,iOS
ccciw.sofia.brown602@yahoo.com,1997-10-23,Android
ccciw.noah.huber604@t-online.de,1977-03-01,Android
ccciw.cameron.huber604@gmx.de,1970-01-25,iOS
ccciw.nina.smith230@yahoo.com,1970-12-13,Android
ccciw.morgan.klein781@outlook.com,1976-07-13,Android
ccciw.alex.schmidt487@gmail.com,1980-02-25,Android
ccciw.milan.becker546@web.de,1996-06-07,Android
ccciw.cameron.keller524@gmail.com,1979-03-31,Android
ccciw.alex.schmidt217@outlook.com,2003-05-03,iOS
ccciw.avery.hoffmann256@t-online.de,1971-05-01,Android
ccciw.casey.schmidt643@t-online.de,1986-05-24,iOS
ccciw.alex.brown251@gmx.de,1971-01-30,iOS
ccciw.milan.keller693@outlook.com,1986-11-29,Android
ccciw.sofia.klein747@web.de,1974-04-30,Android
ccciw.cameron.klein517@gmx.de,1979-05-01,Android
ccciw.alex.klein224@web.de,1964-11-16,iOS
ccciw.morgan.martin959@outlook.com,2002-07-07,Android
ccciw.avery.meyer695@yahoo.com,2003-01-02,Android
ccciw.taylor.huber515@web.de,1993-04-06,iOS
ccciw.jordan.meyer101@t-online.de,1979-01-03,iOS
ccciw.ella.hoffmann634@gmail.com,1964-09-05,iOS
ccciw.alex.keller654@gmail.com,2002-04-21,iOS
ccciw.emma.fischer720@gmx.de,1968-06-13,iOS
ccciw.milan.dubois570@web.de,1996-05-01,Android
ccciw.liam.smith708@gmx.de,1976-04-29,Android
ccciw.noah.dubois284@yahoo.com,1986-03-29,Android
ccciw.robin.keller949@web.de,1970-09-18,Android
ccciw.alex.huber760@gmail.com,1971-03-19,Android
ccciw.emma.martin927@gmx.de,2005-01-08,iOS
ccciw.noah.jansen125@outlook.com,1968-06-05,Android
ccciw.robin.dubois274@outlook.com,1995-04-22,Android
ccciw.morgan.hoffmann422@web.de,1997-06-29,Android
ccciw.casey.garcia514@gmail.com,1984-10-01,iOS
ccciw.alex.schmidt898@gmail.com,1962-10-30,Android
ccciw.mia.keller144@gmx.de,1979-01-04,Android
ccciw.milan.martin178@gmx.de,2003-03-23,Android
ccciw.luca.huber707@web.de,1974-05-03,Android
ccciw.ella.keller903@web.de,1992-02-10,iOS
ccciw.ella.martin223@t-online.de,1995-09-05,Android
ccciw.riley.wagner601@t-online.de,1966-08-30,iOS
ccciw.riley.keller170@yahoo.com,1966-01-15,Android
ccciw.emma.hoffmann484@web.de,1976-12-25,iOS
ccciw.nina.meyer123@web.de,1970-01-12,Android
ccciw.emma.dubois747@gmail.com,1972-06-07,iOS
ccciw.nina.schmidt609@web.de,1993-02-25,Android
ccciw.taylor.jansen111@gmx.de,1998-10-16,Android
ccciw.jordan.meyer291@web.de,1965-11-25,Android
ccciw.avery.brown907@gmx.de,1963-01-25,iOS
ccciw.casey.martin318@gmx.de,1996-02-05,iOS
ccciw.cameron.martin275@outlook.com,2006-03-17,Android
ccciw.sofia.becker114@web.de,1977-01-04,iOS
ccciw.riley.fischer557@t-online.de,2000-07-23,Android
ccciw.avery.huber981@web.de,1970-10-29,Android
ccciw.mia.meyer151@gmx.de,1996-02-24,iOS
ccciw.mia.fischer800@yahoo.com,1991-11-11,Android
ccciw.casey.meyer937@gmx.de,1982-07-07,Android
ccciw.morgan.fischer866@gmail.com,2005-05-06,Android
ccciw.leo.wagner497@yahoo.com,1972-10-19,Android
ccciw.milan.smith948@outlook.com,1981-11-08,Android
ccciw.avery.jansen908@gmail.com,1978-12-27,Android
ccciw.emma.brown841@yahoo.com,1979-01-28,iOS
ccciw.ella.garcia569@t-online.de,1961-05-30,Android
ccciw.riley.becker561@t-online.de,2004-12-28,Android
ccciw.milan.jansen247@web.de,1980-07-16,Android
ccciw.cameron.keller525@t-online.de,2005-07-12,Android
ccciw.casey.muller645@yahoo.com,2003-10-08,Android
ccciw.luca.keller243@t-online.de,1978-06-25,iOS
ccciw.liam.garcia104@web.de,1973-07-11,Android
ccciw.cameron.keller584@yahoo.com,2000-06-17,Android
ccciw.noah.dubois976@gmx.de,2001-10-11,Android
ccciw.morgan.becker768@web.de,1989-10-18,iOS
ccciw.ella.meyer695@outlook.com,2004-11-29,Android
ccciw.riley.martin186@web.de,1977-05-27,iOS
ccciw.noah.keller421@outlook.com,1986-04-05,Android
ccciw.ella.keller410@gmail.com,1996-04-25,Android
ccciw.nina.fischer276@outlook.com,1966-03-30,iOS
ccciw.cameron.jansen158@gmx.de,1973-07-09,Android
ccciw.morgan.schmidt924@yahoo.com,1973-04-18,iOS
ccciw.riley.keller619@gmail.com,1971-11-08,iOS
ccciw.milan.muller937@gmail.com,1997-09-11,Android
ccciw.noah.brown475@yahoo.com,1994-05-30,Android
ccciw.liam.jansen292@outlook.com,1990-07-22,Android
ccciw.avery.smith725@t-online.de,1988-09-26,Android
ccciw.jordan.brown630@outlook.com,1994-05-30,iOS
ccciw.leo.huber271@yahoo.com,1998-06-22,Android
ccciw.robin.garcia860@outlook.com,1975-10-07,Android
ccciw.robin.becker589@web.de,1988-02-12,Android
ccciw.ella.jansen876@t-online.de,1969-07-22,Android
ccciw.emma.jansen398@t-online.de,1968-10-26,iOS
ccciw.milan.wagner949@web.de,1982-01-20,Android
ccciw.milan.muller301@web.de,1962-09-12,Android
ccciw.avery.keller608@gmx.de,1976-05-01,Android
ccciw.morgan.huber345@t-online.de,1996-05-16,HarmonyOS
ccciw.jordan.hoffmann950@t-online.de,1996-01-26,Android
ccciw.noah.muller480@t-online.de,1968-08-01,Android
ccciw.emma.keller960@outlook.com,1974-07-18,Android
